```mysql
create table test(
id int primary key,
name varchar(10)
);

insert into test values(1,"test");
insert into test values(Null,"test1");

alter table test drop primary key;
//自增
alter table test modify id int primary key auto_increment;
//删除增加的数据
delete from test where id=2;
//重新增加
insert into test values(Null,"test1");
//mysql假序列特性
mysql> select * from test;
+----+-------+
| id | name  |
+----+-------+
|  1 | test  |
|  3 | test1 |
+----+-------+
2 rows in set (0.00 sec)

//指定起始序号
alter table test auto_increment=6;
insert into test values(Null,"test1");
mysql> select * from test;
+----+-------+
| id | name  |
+----+-------+
|  1 | test  |
|  3 | test1 |
|  4 | test1 |
|  6 | test1 |
+----+-------+
4 rows in set (0.00 sec)
//修改主键属性
alter table test modify id int;
//删除主键属性
alter table test drop primary key;
//联合主键(单属性允许重复，但不允许两个属性同时重复)
alter table test add primary key(id,name);
select * from test;
mysql> select * from test;
+----+-------+
| id | name  |
+----+-------+
|  1 | test  |
|  3 | test1 |
|  4 | test1 |
|  6 | test1 |
+----+-------+
4 rows in set (0.00 sec)

insert into test values(1,"test");

mysql> insert into test values(1,"test");
ERROR 1062 (23000): Duplicate entry '1-test' for key 'PRIMARY'
//设置非空属性
alter table test modify name varchar(10) not null;

mysql> desc test;
+-------+-------------+------+-----+---------+-------+
| Field | Type        | Null | Key | Default | Extra |
+-------+-------------+------+-----+---------+-------+
| id    | int(11)     | NO   | PRI | 0       |       |
| name  | varchar(10) | NO   | PRI | NULL    |       |
+-------+-------------+------+-----+---------+-------+
2 rows in set (0.03 sec)
//尝试填入空值
insert into test values (NULL,NULL);
ERROR 1048 (23000): Column 'id' cannot be null

//新增字段并设置唯一属性
alter table test add email varchar(10) unique;
mysql> desc test;
+-------+-------------+------+-----+---------+-------+
| Field | Type        | Null | Key | Default | Extra |
+-------+-------------+------+-----+---------+-------+
| id    | int(11)     | NO   | PRI | 0       |       |
| name  | varchar(10) | NO   | PRI | NULL    |       |
| email | varchar(10) | YES  | UNI | NULL    |       |
+-------+-------------+------+-----+---------+-------+
3 rows in set (0.03 sec)
//重复填入数据
insert into test values(6,"test6","test1");
mysql> insert into test values(5,"test7","test1")
ERROR 1062 (23000): Duplicate entry 'test1' for key 'email'
//唯一约束不约束空值
insert into test values(7,"test7",NULL);
mysql> select * from test;
+----+-------+-------+
| id | name  | email |
+----+-------+-------+
|  1 | test  | NULL  |
|  3 | test1 | NULL  |
|  4 | test1 | NULL  |
|  6 | test1 | NULL  |
|  7 | test7 | NULL  |
|  5 | test7 | test1 |
+----+-------+-------+
6 rows in set (0.00 sec)


create table test2(
id int,
name varchar(10) not null,
email varchar(20),
constraint stu_xu_id_pk primary key(id),
constraint stu_xu_email_uk unique(email)
);
```

```mysql
create table temp_dept(
deptno int primary key auto_increment,
danme varchar(10) not null
)

create table temp_emp(
empno int primary key auto_increment,
ename varchar(10) not null,
deptno int,
constraint temp_emp_deptno_fk foreign key(deptno)
references temp_dept(deptno)
);

alter table temp_emp drop foreign key temp_emp_deptno_fk;

alter table temp_emp
add constraint temp_emp_deptno_fk 
foreign key(deptno) 
references temp_dept(deptno);
```

# 事务

```mysql
create table temp(
id int 
);
```

```mysql
create view emp_view as
select empno,ename
from emp_li
where deptno=20;

select * from emp_view;

insert into emp_li values(2000,"test",NULL,NULL,NULL,NULL,NULL,20);
```

```mysql
//创建储存
delimiter //
create procedure maxSalary()
begin
select max(salary) from emp_li;
end //
delimiter;


delimiter //
create procedure empSalary(
out max_salary double(7,2),
out min_salary double(7,2),
out avg_salary double(7,2)
)
begin
select max(salary) into max_salary from emp_li;
select min(salary) into min_salary from emp_li;
select avg(ifnull(salary,0)) into avg_salary from emp_li;
end //
delimiter ;

call empSalary(@max_salary,@min_salary,@avg_salary);
select @max_salary,@min_salary,@avg_salary;
```

